{"cameraMode":{"drawMode":0,"name":"Shaded","section":"Shading Mode"},"sceneLighting":true,"audioPlay":false,"sceneViewState":{"showFog":true,"showMaterialUpdate":false,"showSkybox":true,"showFlares":true,"showImageEffects":true,"showParticleSystems":true},"in2DMode":false,"pivot":{"x":-0.1389942169189453,"y":-1.900735855102539,"z":4.395851135253906},"rotation":{"x":-0.20555433630943299,"y":0.0504702590405941,"z":-0.010615474544465542,"w":-0.9772869348526001},"size":8.233060836791993,"orthographic":false}